{"number_of_nodes": 7583, "number_of_edges": 51138, "degree_distribution": [3.322219294733919, 3.092018470752797, 3.178401341533755, 3.1658376246901283, 2.9590413923210934, 2.4409090820652177, 1.8573324964312685, 1.2787536009528289, 0.7781512503836436], "clustering_distribution": [[0.0, 0.0, 0.0, 0.0, 0.0, 0.0, 0.0, 0.0, 243.0], [0.0, 0.0, 0.0, 0.0, 0.0, 87.0, 172.0, 132.0, 212.0], [0.0, 0.0, 0.0, 66.0, 147.0, 270.0, 275.0, 198.0, 133.0], [0.0, 25.0, 142.0, 179.0, 285.0, 257.0, 189.0, 136.0, 94.0], [16.0, 52.0, 95.0, 154.0, 202.0, 158.0, 77.0, 53.0, 54.0], [11.0, 29.0, 35.0, 65.0, 63.0, 36.0, 10.0, 16.0, 4.0], [11.0, 15.0, 12.0, 18.0, 4.0, 3.0, 5.0, 0.0, 0.0], [8.0, 6.0, 1.0, 3.0, 0.0, 0.0, 0.0, 0.0, 0.0], [5.0, 0.0, 0.0, 0.0, 0.0, 0.0, 0.0, 0.0, 0.0]], "bidirectional": 0.08148539246744105, "connected": 3874}